buying,maint,doors,persons,lug_boot,safety,binaryClass
vhigh,vhigh,2,2,small,low,P
vhigh,vhigh,2,2,small,med,P
vhigh,vhigh,2,2,small,high,P
vhigh,vhigh,2,2,med,low,P
vhigh,vhigh,2,2,med,med,P
vhigh,vhigh,2,2,med,high,P
vhigh,vhigh,2,2,big,low,P
vhigh,vhigh,2,2,big,med,P
vhigh,vhigh,2,2,big,high,P
vhigh,vhigh,2,4,small,low,P
vhigh,vhigh,2,4,small,med,P
vhigh,vhigh,2,4,small,high,P
vhigh,vhigh,2,4,med,low,P
vhigh,vhigh,2,4,med,med,P
vhigh,vhigh,2,4,med,high,P
vhigh,vhigh,2,4,big,low,P
vhigh,vhigh,2,4,big,med,P
vhigh,vhigh,2,4,big,high,P
vhigh,vhigh,2,more,small,low,P
vhigh,vhigh,2,more,small,med,P
vhigh,vhigh,2,more,small,high,P
vhigh,vhigh,2,more,med,low,P
vhigh,vhigh,2,more,med,med,P
vhigh,vhigh,2,more,med,high,P
vhigh,vhigh,2,more,big,low,P
vhigh,vhigh,2,more,big,med,P
vhigh,vhigh,2,more,big,high,P
vhigh,vhigh,3,2,small,low,P
vhigh,vhigh,3,2,small,med,P
vhigh,vhigh,3,2,small,high,P
vhigh,vhigh,3,2,med,low,P
vhigh,vhigh,3,2,med,med,P
vhigh,vhigh,3,2,med,high,P
vhigh,vhigh,3,2,big,low,P
vhigh,vhigh,3,2,big,med,P
vhigh,vhigh,3,2,big,high,P
vhigh,vhigh,3,4,small,low,P
vhigh,vhigh,3,4,small,med,P
vhigh,vhigh,3,4,small,high,P
vhigh,vhigh,3,4,med,low,P
vhigh,vhigh,3,4,med,med,P
vhigh,vhigh,3,4,med,high,P
vhigh,vhigh,3,4,big,low,P
vhigh,vhigh,3,4,big,med,P
vhigh,vhigh,3,4,big,high,P
vhigh,vhigh,3,more,small,low,P
vhigh,vhigh,3,more,small,med,P
vhigh,vhigh,3,more,small,high,P
vhigh,vhigh,3,more,med,low,P
vhigh,vhigh,3,more,med,med,P
vhigh,vhigh,3,more,med,high,P
vhigh,vhigh,3,more,big,low,P
vhigh,vhigh,3,more,big,med,P
vhigh,vhigh,3,more,big,high,P
vhigh,vhigh,4,2,small,low,P
vhigh,vhigh,4,2,small,med,P
vhigh,vhigh,4,2,small,high,P
vhigh,vhigh,4,2,med,low,P
vhigh,vhigh,4,2,med,med,P
vhigh,vhigh,4,2,med,high,P
vhigh,vhigh,4,2,big,low,P
vhigh,vhigh,4,2,big,med,P
vhigh,vhigh,4,2,big,high,P
vhigh,vhigh,4,4,small,low,P
vhigh,vhigh,4,4,small,med,P
vhigh,vhigh,4,4,small,high,P
vhigh,vhigh,4,4,med,low,P
vhigh,vhigh,4,4,med,med,P
vhigh,vhigh,4,4,med,high,P
vhigh,vhigh,4,4,big,low,P
vhigh,vhigh,4,4,big,med,P
vhigh,vhigh,4,4,big,high,P
vhigh,vhigh,4,more,small,low,P
vhigh,vhigh,4,more,small,med,P
vhigh,vhigh,4,more,small,high,P
vhigh,vhigh,4,more,med,low,P
vhigh,vhigh,4,more,med,med,P
vhigh,vhigh,4,more,med,high,P
vhigh,vhigh,4,more,big,low,P
vhigh,vhigh,4,more,big,med,P
vhigh,vhigh,4,more,big,high,P
vhigh,vhigh,5more,2,small,low,P
vhigh,vhigh,5more,2,small,med,P
vhigh,vhigh,5more,2,small,high,P
vhigh,vhigh,5more,2,med,low,P
vhigh,vhigh,5more,2,med,med,P
vhigh,vhigh,5more,2,med,high,P
vhigh,vhigh,5more,2,big,low,P
vhigh,vhigh,5more,2,big,med,P
vhigh,vhigh,5more,2,big,high,P
vhigh,vhigh,5more,4,small,low,P
vhigh,vhigh,5more,4,small,med,P
vhigh,vhigh,5more,4,small,high,P
vhigh,vhigh,5more,4,med,low,P
vhigh,vhigh,5more,4,med,med,P
vhigh,vhigh,5more,4,med,high,P
vhigh,vhigh,5more,4,big,low,P
vhigh,vhigh,5more,4,big,med,P
vhigh,vhigh,5more,4,big,high,P
vhigh,vhigh,5more,more,small,low,P
vhigh,vhigh,5more,more,small,med,P
vhigh,vhigh,5more,more,small,high,P
vhigh,vhigh,5more,more,med,low,P
vhigh,vhigh,5more,more,med,med,P
vhigh,vhigh,5more,more,med,high,P
vhigh,vhigh,5more,more,big,low,P
vhigh,vhigh,5more,more,big,med,P
vhigh,vhigh,5more,more,big,high,P
vhigh,high,2,2,small,low,P
vhigh,high,2,2,small,med,P
vhigh,high,2,2,small,high,P
vhigh,high,2,2,med,low,P
vhigh,high,2,2,med,med,P
vhigh,high,2,2,med,high,P
vhigh,high,2,2,big,low,P
vhigh,high,2,2,big,med,P
vhigh,high,2,2,big,high,P
vhigh,high,2,4,small,low,P
vhigh,high,2,4,small,med,P
vhigh,high,2,4,small,high,P
vhigh,high,2,4,med,low,P
vhigh,high,2,4,med,med,P
vhigh,high,2,4,med,high,P
vhigh,high,2,4,big,low,P
vhigh,high,2,4,big,med,P
vhigh,high,2,4,big,high,P
vhigh,high,2,more,small,low,P
vhigh,high,2,more,small,med,P
vhigh,high,2,more,small,high,P
vhigh,high,2,more,med,low,P
vhigh,high,2,more,med,med,P
vhigh,high,2,more,med,high,P
vhigh,high,2,more,big,low,P
vhigh,high,2,more,big,med,P
vhigh,high,2,more,big,high,P
vhigh,high,3,2,small,low,P
vhigh,high,3,2,small,med,P
vhigh,high,3,2,small,high,P
vhigh,high,3,2,med,low,P
vhigh,high,3,2,med,med,P
vhigh,high,3,2,med,high,P
vhigh,high,3,2,big,low,P
vhigh,high,3,2,big,med,P
vhigh,high,3,2,big,high,P
vhigh,high,3,4,small,low,P
vhigh,high,3,4,small,med,P
vhigh,high,3,4,small,high,P
vhigh,high,3,4,med,low,P
vhigh,high,3,4,med,med,P
vhigh,high,3,4,med,high,P
vhigh,high,3,4,big,low,P
vhigh,high,3,4,big,med,P
vhigh,high,3,4,big,high,P
vhigh,high,3,more,small,low,P
vhigh,high,3,more,small,med,P
vhigh,high,3,more,small,high,P
vhigh,high,3,more,med,low,P
vhigh,high,3,more,med,med,P
vhigh,high,3,more,med,high,P
vhigh,high,3,more,big,low,P
vhigh,high,3,more,big,med,P
vhigh,high,3,more,big,high,P
vhigh,high,4,2,small,low,P
vhigh,high,4,2,small,med,P
vhigh,high,4,2,small,high,P
vhigh,high,4,2,med,low,P
vhigh,high,4,2,med,med,P
vhigh,high,4,2,med,high,P
vhigh,high,4,2,big,low,P
vhigh,high,4,2,big,med,P
vhigh,high,4,2,big,high,P
vhigh,high,4,4,small,low,P
vhigh,high,4,4,small,med,P
vhigh,high,4,4,small,high,P
vhigh,high,4,4,med,low,P
vhigh,high,4,4,med,med,P
vhigh,high,4,4,med,high,P
vhigh,high,4,4,big,low,P
vhigh,high,4,4,big,med,P
vhigh,high,4,4,big,high,P
vhigh,high,4,more,small,low,P
vhigh,high,4,more,small,med,P
vhigh,high,4,more,small,high,P
vhigh,high,4,more,med,low,P
vhigh,high,4,more,med,med,P
vhigh,high,4,more,med,high,P
vhigh,high,4,more,big,low,P
vhigh,high,4,more,big,med,P
vhigh,high,4,more,big,high,P
vhigh,high,5more,2,small,low,P
vhigh,high,5more,2,small,med,P
vhigh,high,5more,2,small,high,P
vhigh,high,5more,2,med,low,P
vhigh,high,5more,2,med,med,P
vhigh,high,5more,2,med,high,P
vhigh,high,5more,2,big,low,P
vhigh,high,5more,2,big,med,P
vhigh,high,5more,2,big,high,P
vhigh,high,5more,4,small,low,P
vhigh,high,5more,4,small,med,P
vhigh,high,5more,4,small,high,P
vhigh,high,5more,4,med,low,P
vhigh,high,5more,4,med,med,P
vhigh,high,5more,4,med,high,P
vhigh,high,5more,4,big,low,P
vhigh,high,5more,4,big,med,P
vhigh,high,5more,4,big,high,P
vhigh,high,5more,more,small,low,P
vhigh,high,5more,more,small,med,P
vhigh,high,5more,more,small,high,P
vhigh,high,5more,more,med,low,P
vhigh,high,5more,more,med,med,P
vhigh,high,5more,more,med,high,P
vhigh,high,5more,more,big,low,P
vhigh,high,5more,more,big,med,P
vhigh,high,5more,more,big,high,P
vhigh,med,2,2,small,low,P
vhigh,med,2,2,small,med,P
vhigh,med,2,2,small,high,P
vhigh,med,2,2,med,low,P
vhigh,med,2,2,med,med,P
vhigh,med,2,2,med,high,P
vhigh,med,2,2,big,low,P
vhigh,med,2,2,big,med,P
vhigh,med,2,2,big,high,P
vhigh,med,2,4,small,low,P
vhigh,med,2,4,small,med,P
vhigh,med,2,4,small,high,N
vhigh,med,2,4,med,low,P
vhigh,med,2,4,med,med,P
vhigh,med,2,4,med,high,N
vhigh,med,2,4,big,low,P
vhigh,med,2,4,big,med,N
vhigh,med,2,4,big,high,N
vhigh,med,2,more,small,low,P
vhigh,med,2,more,small,med,P
vhigh,med,2,more,small,high,P
vhigh,med,2,more,med,low,P
vhigh,med,2,more,med,med,P
vhigh,med,2,more,med,high,N
vhigh,med,2,more,big,low,P
vhigh,med,2,more,big,med,N
vhigh,med,2,more,big,high,N
vhigh,med,3,2,small,low,P
vhigh,med,3,2,small,med,P
vhigh,med,3,2,small,high,P
vhigh,med,3,2,med,low,P
vhigh,med,3,2,med,med,P
vhigh,med,3,2,med,high,P
vhigh,med,3,2,big,low,P
vhigh,med,3,2,big,med,P
vhigh,med,3,2,big,high,P
vhigh,med,3,4,small,low,P
vhigh,med,3,4,small,med,P
vhigh,med,3,4,small,high,N
vhigh,med,3,4,med,low,P
vhigh,med,3,4,med,med,P
vhigh,med,3,4,med,high,N
vhigh,med,3,4,big,low,P
vhigh,med,3,4,big,med,N
vhigh,med,3,4,big,high,N
vhigh,med,3,more,small,low,P
vhigh,med,3,more,small,med,P
vhigh,med,3,more,small,high,N
vhigh,med,3,more,med,low,P
vhigh,med,3,more,med,med,N
vhigh,med,3,more,med,high,N
vhigh,med,3,more,big,low,P
vhigh,med,3,more,big,med,N
vhigh,med,3,more,big,high,N
vhigh,med,4,2,small,low,P
vhigh,med,4,2,small,med,P
vhigh,med,4,2,small,high,P
vhigh,med,4,2,med,low,P
vhigh,med,4,2,med,med,P
vhigh,med,4,2,med,high,P
vhigh,med,4,2,big,low,P
vhigh,med,4,2,big,med,P
vhigh,med,4,2,big,high,P
vhigh,med,4,4,small,low,P
vhigh,med,4,4,small,med,P
vhigh,med,4,4,small,high,N
vhigh,med,4,4,med,low,P
vhigh,med,4,4,med,med,N
vhigh,med,4,4,med,high,N
vhigh,med,4,4,big,low,P
vhigh,med,4,4,big,med,N
vhigh,med,4,4,big,high,N
vhigh,med,4,more,small,low,P
vhigh,med,4,more,small,med,P
vhigh,med,4,more,small,high,N
vhigh,med,4,more,med,low,P
vhigh,med,4,more,med,med,N
vhigh,med,4,more,med,high,N
vhigh,med,4,more,big,low,P
vhigh,med,4,more,big,med,N
vhigh,med,4,more,big,high,N
vhigh,med,5more,2,small,low,P
vhigh,med,5more,2,small,med,P
vhigh,med,5more,2,small,high,P
vhigh,med,5more,2,med,low,P
vhigh,med,5more,2,med,med,P
vhigh,med,5more,2,med,high,P
vhigh,med,5more,2,big,low,P
vhigh,med,5more,2,big,med,P
vhigh,med,5more,2,big,high,P
vhigh,med,5more,4,small,low,P
vhigh,med,5more,4,small,med,P
vhigh,med,5more,4,small,high,N
vhigh,med,5more,4,med,low,P
vhigh,med,5more,4,med,med,N
vhigh,med,5more,4,med,high,N
vhigh,med,5more,4,big,low,P
vhigh,med,5more,4,big,med,N
vhigh,med,5more,4,big,high,N
vhigh,med,5more,more,small,low,P
vhigh,med,5more,more,small,med,P
vhigh,med,5more,more,small,high,N
vhigh,med,5more,more,med,low,P
vhigh,med,5more,more,med,med,N
vhigh,med,5more,more,med,high,N
vhigh,med,5more,more,big,low,P
vhigh,med,5more,more,big,med,N
vhigh,med,5more,more,big,high,N
vhigh,low,2,2,small,low,P
vhigh,low,2,2,small,med,P
vhigh,low,2,2,small,high,P
vhigh,low,2,2,med,low,P
vhigh,low,2,2,med,med,P
vhigh,low,2,2,med,high,P
vhigh,low,2,2,big,low,P
vhigh,low,2,2,big,med,P
vhigh,low,2,2,big,high,P
vhigh,low,2,4,small,low,P
vhigh,low,2,4,small,med,P
vhigh,low,2,4,small,high,N
vhigh,low,2,4,med,low,P
vhigh,low,2,4,med,med,P
vhigh,low,2,4,med,high,N
vhigh,low,2,4,big,low,P
vhigh,low,2,4,big,med,N
vhigh,low,2,4,big,high,N
vhigh,low,2,more,small,low,P
vhigh,low,2,more,small,med,P
vhigh,low,2,more,small,high,P
vhigh,low,2,more,med,low,P
vhigh,low,2,more,med,med,P
vhigh,low,2,more,med,high,N
vhigh,low,2,more,big,low,P
vhigh,low,2,more,big,med,N
vhigh,low,2,more,big,high,N
vhigh,low,3,2,small,low,P
vhigh,low,3,2,small,med,P
vhigh,low,3,2,small,high,P
vhigh,low,3,2,med,low,P
vhigh,low,3,2,med,med,P
vhigh,low,3,2,med,high,P
vhigh,low,3,2,big,low,P
vhigh,low,3,2,big,med,P
vhigh,low,3,2,big,high,P
vhigh,low,3,4,small,low,P
vhigh,low,3,4,small,med,P
vhigh,low,3,4,small,high,N
vhigh,low,3,4,med,low,P
vhigh,low,3,4,med,med,P
vhigh,low,3,4,med,high,N
vhigh,low,3,4,big,low,P
vhigh,low,3,4,big,med,N
vhigh,low,3,4,big,high,N
vhigh,low,3,more,small,low,P
vhigh,low,3,more,small,med,P
vhigh,low,3,more,small,high,N
vhigh,low,3,more,med,low,P
vhigh,low,3,more,med,med,N
vhigh,low,3,more,med,high,N
vhigh,low,3,more,big,low,P
vhigh,low,3,more,big,med,N
vhigh,low,3,more,big,high,N
vhigh,low,4,2,small,low,P
vhigh,low,4,2,small,med,P
vhigh,low,4,2,small,high,P
vhigh,low,4,2,med,low,P
vhigh,low,4,2,med,med,P
vhigh,low,4,2,med,high,P
vhigh,low,4,2,big,low,P
vhigh,low,4,2,big,med,P
vhigh,low,4,2,big,high,P
vhigh,low,4,4,small,low,P
vhigh,low,4,4,small,med,P
vhigh,low,4,4,small,high,N
vhigh,low,4,4,med,low,P
vhigh,low,4,4,med,med,N
vhigh,low,4,4,med,high,N
vhigh,low,4,4,big,low,P
vhigh,low,4,4,big,med,N
vhigh,low,4,4,big,high,N
vhigh,low,4,more,small,low,P
vhigh,low,4,more,small,med,P
vhigh,low,4,more,small,high,N
vhigh,low,4,more,med,low,P
vhigh,low,4,more,med,med,N
vhigh,low,4,more,med,high,N
vhigh,low,4,more,big,low,P
vhigh,low,4,more,big,med,N
vhigh,low,4,more,big,high,N
vhigh,low,5more,2,small,low,P
vhigh,low,5more,2,small,med,P
vhigh,low,5more,2,small,high,P
vhigh,low,5more,2,med,low,P
vhigh,low,5more,2,med,med,P
vhigh,low,5more,2,med,high,P
vhigh,low,5more,2,big,low,P
vhigh,low,5more,2,big,med,P
vhigh,low,5more,2,big,high,P
vhigh,low,5more,4,small,low,P
vhigh,low,5more,4,small,med,P
vhigh,low,5more,4,small,high,N
vhigh,low,5more,4,med,low,P
vhigh,low,5more,4,med,med,N
vhigh,low,5more,4,med,high,N
vhigh,low,5more,4,big,low,P
vhigh,low,5more,4,big,med,N
vhigh,low,5more,4,big,high,N
vhigh,low,5more,more,small,low,P
vhigh,low,5more,more,small,med,P
vhigh,low,5more,more,small,high,N
vhigh,low,5more,more,med,low,P
vhigh,low,5more,more,med,med,N
vhigh,low,5more,more,med,high,N
vhigh,low,5more,more,big,low,P
vhigh,low,5more,more,big,med,N
vhigh,low,5more,more,big,high,N
high,vhigh,2,2,small,low,P
high,vhigh,2,2,small,med,P
high,vhigh,2,2,small,high,P
high,vhigh,2,2,med,low,P
high,vhigh,2,2,med,med,P
high,vhigh,2,2,med,high,P
high,vhigh,2,2,big,low,P
high,vhigh,2,2,big,med,P
high,vhigh,2,2,big,high,P
high,vhigh,2,4,small,low,P
high,vhigh,2,4,small,med,P
high,vhigh,2,4,small,high,P
high,vhigh,2,4,med,low,P
high,vhigh,2,4,med,med,P
high,vhigh,2,4,med,high,P
high,vhigh,2,4,big,low,P
high,vhigh,2,4,big,med,P
high,vhigh,2,4,big,high,P
high,vhigh,2,more,small,low,P
high,vhigh,2,more,small,med,P
high,vhigh,2,more,small,high,P
high,vhigh,2,more,med,low,P
high,vhigh,2,more,med,med,P
high,vhigh,2,more,med,high,P
high,vhigh,2,more,big,low,P
high,vhigh,2,more,big,med,P
high,vhigh,2,more,big,high,P
high,vhigh,3,2,small,low,P
high,vhigh,3,2,small,med,P
high,vhigh,3,2,small,high,P
high,vhigh,3,2,med,low,P
high,vhigh,3,2,med,med,P
high,vhigh,3,2,med,high,P
high,vhigh,3,2,big,low,P
high,vhigh,3,2,big,med,P
high,vhigh,3,2,big,high,P
high,vhigh,3,4,small,low,P
high,vhigh,3,4,small,med,P
high,vhigh,3,4,small,high,P
high,vhigh,3,4,med,low,P
high,vhigh,3,4,med,med,P
high,vhigh,3,4,med,high,P
high,vhigh,3,4,big,low,P
high,vhigh,3,4,big,med,P
high,vhigh,3,4,big,high,P
high,vhigh,3,more,small,low,P
high,vhigh,3,more,small,med,P
high,vhigh,3,more,small,high,P
high,vhigh,3,more,med,low,P
high,vhigh,3,more,med,med,P
high,vhigh,3,more,med,high,P
high,vhigh,3,more,big,low,P
high,vhigh,3,more,big,med,P
high,vhigh,3,more,big,high,P
high,vhigh,4,2,small,low,P
high,vhigh,4,2,small,med,P
high,vhigh,4,2,small,high,P
high,vhigh,4,2,med,low,P
high,vhigh,4,2,med,med,P
high,vhigh,4,2,med,high,P
high,vhigh,4,2,big,low,P
high,vhigh,4,2,big,med,P
high,vhigh,4,2,big,high,P
high,vhigh,4,4,small,low,P
high,vhigh,4,4,small,med,P
high,vhigh,4,4,small,high,P
high,vhigh,4,4,med,low,P
high,vhigh,4,4,med,med,P
high,vhigh,4,4,med,high,P
high,vhigh,4,4,big,low,P
high,vhigh,4,4,big,med,P
high,vhigh,4,4,big,high,P
high,vhigh,4,more,small,low,P
high,vhigh,4,more,small,med,P
high,vhigh,4,more,small,high,P
high,vhigh,4,more,med,low,P
high,vhigh,4,more,med,med,P
high,vhigh,4,more,med,high,P
high,vhigh,4,more,big,low,P
high,vhigh,4,more,big,med,P
high,vhigh,4,more,big,high,P
high,vhigh,5more,2,small,low,P
high,vhigh,5more,2,small,med,P
high,vhigh,5more,2,small,high,P
high,vhigh,5more,2,med,low,P
high,vhigh,5more,2,med,med,P
high,vhigh,5more,2,med,high,P
high,vhigh,5more,2,big,low,P
high,vhigh,5more,2,big,med,P
high,vhigh,5more,2,big,high,P
high,vhigh,5more,4,small,low,P
high,vhigh,5more,4,small,med,P
high,vhigh,5more,4,small,high,P
high,vhigh,5more,4,med,low,P
high,vhigh,5more,4,med,med,P
high,vhigh,5more,4,med,high,P
high,vhigh,5more,4,big,low,P
high,vhigh,5more,4,big,med,P
high,vhigh,5more,4,big,high,P
high,vhigh,5more,more,small,low,P
high,vhigh,5more,more,small,med,P
high,vhigh,5more,more,small,high,P
high,vhigh,5more,more,med,low,P
high,vhigh,5more,more,med,med,P
high,vhigh,5more,more,med,high,P
high,vhigh,5more,more,big,low,P
high,vhigh,5more,more,big,med,P
high,vhigh,5more,more,big,high,P
high,high,2,2,small,low,P
high,high,2,2,small,med,P
high,high,2,2,small,high,P
high,high,2,2,med,low,P
high,high,2,2,med,med,P
high,high,2,2,med,high,P
high,high,2,2,big,low,P
high,high,2,2,big,med,P
high,high,2,2,big,high,P
high,high,2,4,small,low,P
high,high,2,4,small,med,P
high,high,2,4,small,high,N
high,high,2,4,med,low,P
high,high,2,4,med,med,P
high,high,2,4,med,high,N
high,high,2,4,big,low,P
high,high,2,4,big,med,N
high,high,2,4,big,high,N
high,high,2,more,small,low,P
high,high,2,more,small,med,P
high,high,2,more,small,high,P
high,high,2,more,med,low,P
high,high,2,more,med,med,P
high,high,2,more,med,high,N
high,high,2,more,big,low,P
high,high,2,more,big,med,N
high,high,2,more,big,high,N
high,high,3,2,small,low,P
high,high,3,2,small,med,P
high,high,3,2,small,high,P
high,high,3,2,med,low,P
high,high,3,2,med,med,P
high,high,3,2,med,high,P
high,high,3,2,big,low,P
high,high,3,2,big,med,P
high,high,3,2,big,high,P
high,high,3,4,small,low,P
high,high,3,4,small,med,P
high,high,3,4,small,high,N
high,high,3,4,med,low,P
high,high,3,4,med,med,P
high,high,3,4,med,high,N
high,high,3,4,big,low,P
high,high,3,4,big,med,N
high,high,3,4,big,high,N
high,high,3,more,small,low,P
high,high,3,more,small,med,P
high,high,3,more,small,high,N
high,high,3,more,med,low,P
high,high,3,more,med,med,N
high,high,3,more,med,high,N
high,high,3,more,big,low,P
high,high,3,more,big,med,N
high,high,3,more,big,high,N
high,high,4,2,small,low,P
high,high,4,2,small,med,P
high,high,4,2,small,high,P
high,high,4,2,med,low,P
high,high,4,2,med,med,P
high,high,4,2,med,high,P
high,high,4,2,big,low,P
high,high,4,2,big,med,P
high,high,4,2,big,high,P
high,high,4,4,small,low,P
high,high,4,4,small,med,P
high,high,4,4,small,high,N
high,high,4,4,med,low,P
high,high,4,4,med,med,N
high,high,4,4,med,high,N
high,high,4,4,big,low,P
high,high,4,4,big,med,N
high,high,4,4,big,high,N
high,high,4,more,small,low,P
high,high,4,more,small,med,P
high,high,4,more,small,high,N
high,high,4,more,med,low,P
high,high,4,more,med,med,N
high,high,4,more,med,high,N
high,high,4,more,big,low,P
high,high,4,more,big,med,N
high,high,4,more,big,high,N
high,high,5more,2,small,low,P
high,high,5more,2,small,med,P
high,high,5more,2,small,high,P
high,high,5more,2,med,low,P
high,high,5more,2,med,med,P
high,high,5more,2,med,high,P
high,high,5more,2,big,low,P
high,high,5more,2,big,med,P
high,high,5more,2,big,high,P
high,high,5more,4,small,low,P
high,high,5more,4,small,med,P
high,high,5more,4,small,high,N
high,high,5more,4,med,low,P
high,high,5more,4,med,med,N
high,high,5more,4,med,high,N
high,high,5more,4,big,low,P
high,high,5more,4,big,med,N
high,high,5more,4,big,high,N
high,high,5more,more,small,low,P
high,high,5more,more,small,med,P
high,high,5more,more,small,high,N
high,high,5more,more,med,low,P
high,high,5more,more,med,med,N
high,high,5more,more,med,high,N
high,high,5more,more,big,low,P
high,high,5more,more,big,med,N
high,high,5more,more,big,high,N
high,med,2,2,small,low,P
high,med,2,2,small,med,P
high,med,2,2,small,high,P
high,med,2,2,med,low,P
high,med,2,2,med,med,P
high,med,2,2,med,high,P
high,med,2,2,big,low,P
high,med,2,2,big,med,P
high,med,2,2,big,high,P
high,med,2,4,small,low,P
high,med,2,4,small,med,P
high,med,2,4,small,high,N
high,med,2,4,med,low,P
high,med,2,4,med,med,P
high,med,2,4,med,high,N
high,med,2,4,big,low,P
high,med,2,4,big,med,N
high,med,2,4,big,high,N
high,med,2,more,small,low,P
high,med,2,more,small,med,P
high,med,2,more,small,high,P
high,med,2,more,med,low,P
high,med,2,more,med,med,P
high,med,2,more,med,high,N
high,med,2,more,big,low,P
high,med,2,more,big,med,N
high,med,2,more,big,high,N
high,med,3,2,small,low,P
high,med,3,2,small,med,P
high,med,3,2,small,high,P
high,med,3,2,med,low,P
high,med,3,2,med,med,P
high,med,3,2,med,high,P
high,med,3,2,big,low,P
high,med,3,2,big,med,P
high,med,3,2,big,high,P
high,med,3,4,small,low,P
high,med,3,4,small,med,P
high,med,3,4,small,high,N
high,med,3,4,med,low,P
high,med,3,4,med,med,P
high,med,3,4,med,high,N
high,med,3,4,big,low,P
high,med,3,4,big,med,N
high,med,3,4,big,high,N
high,med,3,more,small,low,P
high,med,3,more,small,med,P
high,med,3,more,small,high,N
high,med,3,more,med,low,P
high,med,3,more,med,med,N
high,med,3,more,med,high,N
high,med,3,more,big,low,P
high,med,3,more,big,med,N
high,med,3,more,big,high,N
high,med,4,2,small,low,P
high,med,4,2,small,med,P
high,med,4,2,small,high,P
high,med,4,2,med,low,P
high,med,4,2,med,med,P
high,med,4,2,med,high,P
high,med,4,2,big,low,P
high,med,4,2,big,med,P
high,med,4,2,big,high,P
high,med,4,4,small,low,P
high,med,4,4,small,med,P
high,med,4,4,small,high,N
high,med,4,4,med,low,P
high,med,4,4,med,med,N
high,med,4,4,med,high,N
high,med,4,4,big,low,P
high,med,4,4,big,med,N
high,med,4,4,big,high,N
high,med,4,more,small,low,P
high,med,4,more,small,med,P
high,med,4,more,small,high,N
high,med,4,more,med,low,P
high,med,4,more,med,med,N
high,med,4,more,med,high,N
high,med,4,more,big,low,P
high,med,4,more,big,med,N
high,med,4,more,big,high,N
high,med,5more,2,small,low,P
high,med,5more,2,small,med,P
high,med,5more,2,small,high,P
high,med,5more,2,med,low,P
high,med,5more,2,med,med,P
high,med,5more,2,med,high,P
high,med,5more,2,big,low,P
high,med,5more,2,big,med,P
high,med,5more,2,big,high,P
high,med,5more,4,small,low,P
high,med,5more,4,small,med,P
high,med,5more,4,small,high,N
high,med,5more,4,med,low,P
high,med,5more,4,med,med,N
high,med,5more,4,med,high,N
high,med,5more,4,big,low,P
high,med,5more,4,big,med,N
high,med,5more,4,big,high,N
high,med,5more,more,small,low,P
high,med,5more,more,small,med,P
high,med,5more,more,small,high,N
high,med,5more,more,med,low,P
high,med,5more,more,med,med,N
high,med,5more,more,med,high,N
high,med,5more,more,big,low,P
high,med,5more,more,big,med,N
high,med,5more,more,big,high,N
high,low,2,2,small,low,P
high,low,2,2,small,med,P
high,low,2,2,small,high,P
high,low,2,2,med,low,P
high,low,2,2,med,med,P
high,low,2,2,med,high,P
high,low,2,2,big,low,P
high,low,2,2,big,med,P
high,low,2,2,big,high,P
high,low,2,4,small,low,P
high,low,2,4,small,med,P
high,low,2,4,small,high,N
high,low,2,4,med,low,P
high,low,2,4,med,med,P
high,low,2,4,med,high,N
high,low,2,4,big,low,P
high,low,2,4,big,med,N
high,low,2,4,big,high,N
high,low,2,more,small,low,P
high,low,2,more,small,med,P
high,low,2,more,small,high,P
high,low,2,more,med,low,P
high,low,2,more,med,med,P
high,low,2,more,med,high,N
high,low,2,more,big,low,P
high,low,2,more,big,med,N
high,low,2,more,big,high,N
high,low,3,2,small,low,P
high,low,3,2,small,med,P
high,low,3,2,small,high,P
high,low,3,2,med,low,P
high,low,3,2,med,med,P
high,low,3,2,med,high,P
high,low,3,2,big,low,P
high,low,3,2,big,med,P
high,low,3,2,big,high,P
high,low,3,4,small,low,P
high,low,3,4,small,med,P
high,low,3,4,small,high,N
high,low,3,4,med,low,P
high,low,3,4,med,med,P
high,low,3,4,med,high,N
high,low,3,4,big,low,P
high,low,3,4,big,med,N
high,low,3,4,big,high,N
high,low,3,more,small,low,P
high,low,3,more,small,med,P
high,low,3,more,small,high,N
high,low,3,more,med,low,P
high,low,3,more,med,med,N
high,low,3,more,med,high,N
high,low,3,more,big,low,P
high,low,3,more,big,med,N
high,low,3,more,big,high,N
high,low,4,2,small,low,P
high,low,4,2,small,med,P
high,low,4,2,small,high,P
high,low,4,2,med,low,P
high,low,4,2,med,med,P
high,low,4,2,med,high,P
high,low,4,2,big,low,P
high,low,4,2,big,med,P
high,low,4,2,big,high,P
high,low,4,4,small,low,P
high,low,4,4,small,med,P
high,low,4,4,small,high,N
high,low,4,4,med,low,P
high,low,4,4,med,med,N
high,low,4,4,med,high,N
high,low,4,4,big,low,P
high,low,4,4,big,med,N
high,low,4,4,big,high,N
high,low,4,more,small,low,P
high,low,4,more,small,med,P
high,low,4,more,small,high,N
high,low,4,more,med,low,P
high,low,4,more,med,med,N
high,low,4,more,med,high,N
high,low,4,more,big,low,P
high,low,4,more,big,med,N
high,low,4,more,big,high,N
high,low,5more,2,small,low,P
high,low,5more,2,small,med,P
high,low,5more,2,small,high,P
high,low,5more,2,med,low,P
high,low,5more,2,med,med,P
high,low,5more,2,med,high,P
high,low,5more,2,big,low,P
high,low,5more,2,big,med,P
high,low,5more,2,big,high,P
high,low,5more,4,small,low,P
high,low,5more,4,small,med,P
high,low,5more,4,small,high,N
high,low,5more,4,med,low,P
high,low,5more,4,med,med,N
high,low,5more,4,med,high,N
high,low,5more,4,big,low,P
high,low,5more,4,big,med,N
high,low,5more,4,big,high,N
high,low,5more,more,small,low,P
high,low,5more,more,small,med,P
high,low,5more,more,small,high,N
high,low,5more,more,med,low,P
high,low,5more,more,med,med,N
high,low,5more,more,med,high,N
high,low,5more,more,big,low,P
high,low,5more,more,big,med,N
high,low,5more,more,big,high,N
med,vhigh,2,2,small,low,P
med,vhigh,2,2,small,med,P
med,vhigh,2,2,small,high,P
med,vhigh,2,2,med,low,P
med,vhigh,2,2,med,med,P
med,vhigh,2,2,med,high,P
med,vhigh,2,2,big,low,P
med,vhigh,2,2,big,med,P
med,vhigh,2,2,big,high,P
med,vhigh,2,4,small,low,P
med,vhigh,2,4,small,med,P
med,vhigh,2,4,small,high,N
med,vhigh,2,4,med,low,P
med,vhigh,2,4,med,med,P
med,vhigh,2,4,med,high,N
med,vhigh,2,4,big,low,P
med,vhigh,2,4,big,med,N
med,vhigh,2,4,big,high,N
med,vhigh,2,more,small,low,P
med,vhigh,2,more,small,med,P
med,vhigh,2,more,small,high,P
med,vhigh,2,more,med,low,P
med,vhigh,2,more,med,med,P
med,vhigh,2,more,med,high,N
med,vhigh,2,more,big,low,P
med,vhigh,2,more,big,med,N
med,vhigh,2,more,big,high,N
med,vhigh,3,2,small,low,P
med,vhigh,3,2,small,med,P
med,vhigh,3,2,small,high,P
med,vhigh,3,2,med,low,P
med,vhigh,3,2,med,med,P
med,vhigh,3,2,med,high,P
med,vhigh,3,2,big,low,P
med,vhigh,3,2,big,med,P
med,vhigh,3,2,big,high,P
med,vhigh,3,4,small,low,P
med,vhigh,3,4,small,med,P
med,vhigh,3,4,small,high,N
med,vhigh,3,4,med,low,P
med,vhigh,3,4,med,med,P
med,vhigh,3,4,med,high,N
med,vhigh,3,4,big,low,P
med,vhigh,3,4,big,med,N
med,vhigh,3,4,big,high,N
med,vhigh,3,more,small,low,P
med,vhigh,3,more,small,med,P
med,vhigh,3,more,small,high,N
med,vhigh,3,more,med,low,P
med,vhigh,3,more,med,med,N
med,vhigh,3,more,med,high,N
med,vhigh,3,more,big,low,P
med,vhigh,3,more,big,med,N
med,vhigh,3,more,big,high,N
med,vhigh,4,2,small,low,P
med,vhigh,4,2,small,med,P
med,vhigh,4,2,small,high,P
med,vhigh,4,2,med,low,P
med,vhigh,4,2,med,med,P
med,vhigh,4,2,med,high,P
med,vhigh,4,2,big,low,P
med,vhigh,4,2,big,med,P
med,vhigh,4,2,big,high,P
med,vhigh,4,4,small,low,P
med,vhigh,4,4,small,med,P
med,vhigh,4,4,small,high,N
med,vhigh,4,4,med,low,P
med,vhigh,4,4,med,med,N
med,vhigh,4,4,med,high,N
med,vhigh,4,4,big,low,P
med,vhigh,4,4,big,med,N
med,vhigh,4,4,big,high,N
med,vhigh,4,more,small,low,P
med,vhigh,4,more,small,med,P
med,vhigh,4,more,small,high,N
med,vhigh,4,more,med,low,P
med,vhigh,4,more,med,med,N
med,vhigh,4,more,med,high,N
med,vhigh,4,more,big,low,P
med,vhigh,4,more,big,med,N
med,vhigh,4,more,big,high,N
med,vhigh,5more,2,small,low,P
med,vhigh,5more,2,small,med,P
med,vhigh,5more,2,small,high,P
med,vhigh,5more,2,med,low,P
med,vhigh,5more,2,med,med,P
med,vhigh,5more,2,med,high,P
med,vhigh,5more,2,big,low,P
med,vhigh,5more,2,big,med,P
med,vhigh,5more,2,big,high,P
med,vhigh,5more,4,small,low,P
med,vhigh,5more,4,small,med,P
med,vhigh,5more,4,small,high,N
med,vhigh,5more,4,med,low,P
med,vhigh,5more,4,med,med,N
med,vhigh,5more,4,med,high,N
med,vhigh,5more,4,big,low,P
med,vhigh,5more,4,big,med,N
med,vhigh,5more,4,big,high,N
med,vhigh,5more,more,small,low,P
med,vhigh,5more,more,small,med,P
med,vhigh,5more,more,small,high,N
med,vhigh,5more,more,med,low,P
med,vhigh,5more,more,med,med,N
med,vhigh,5more,more,med,high,N
med,vhigh,5more,more,big,low,P
med,vhigh,5more,more,big,med,N
med,vhigh,5more,more,big,high,N
med,high,2,2,small,low,P
med,high,2,2,small,med,P
med,high,2,2,small,high,P
med,high,2,2,med,low,P
med,high,2,2,med,med,P
med,high,2,2,med,high,P
med,high,2,2,big,low,P
med,high,2,2,big,med,P
med,high,2,2,big,high,P
med,high,2,4,small,low,P
med,high,2,4,small,med,P
med,high,2,4,small,high,N
med,high,2,4,med,low,P
med,high,2,4,med,med,P
med,high,2,4,med,high,N
med,high,2,4,big,low,P
med,high,2,4,big,med,N
med,high,2,4,big,high,N
med,high,2,more,small,low,P
med,high,2,more,small,med,P
med,high,2,more,small,high,P
med,high,2,more,med,low,P
med,high,2,more,med,med,P
med,high,2,more,med,high,N
med,high,2,more,big,low,P
med,high,2,more,big,med,N
med,high,2,more,big,high,N
med,high,3,2,small,low,P
med,high,3,2,small,med,P
med,high,3,2,small,high,P
med,high,3,2,med,low,P
med,high,3,2,med,med,P
med,high,3,2,med,high,P
med,high,3,2,big,low,P
med,high,3,2,big,med,P
med,high,3,2,big,high,P
med,high,3,4,small,low,P
med,high,3,4,small,med,P
med,high,3,4,small,high,N
med,high,3,4,med,low,P
med,high,3,4,med,med,P
med,high,3,4,med,high,N
med,high,3,4,big,low,P
med,high,3,4,big,med,N
med,high,3,4,big,high,N
med,high,3,more,small,low,P
med,high,3,more,small,med,P
med,high,3,more,small,high,N
med,high,3,more,med,low,P
med,high,3,more,med,med,N
med,high,3,more,med,high,N
med,high,3,more,big,low,P
med,high,3,more,big,med,N
med,high,3,more,big,high,N
med,high,4,2,small,low,P
med,high,4,2,small,med,P
med,high,4,2,small,high,P
med,high,4,2,med,low,P
med,high,4,2,med,med,P
med,high,4,2,med,high,P
med,high,4,2,big,low,P
med,high,4,2,big,med,P
med,high,4,2,big,high,P
med,high,4,4,small,low,P
med,high,4,4,small,med,P
med,high,4,4,small,high,N
med,high,4,4,med,low,P
med,high,4,4,med,med,N
med,high,4,4,med,high,N
med,high,4,4,big,low,P
med,high,4,4,big,med,N
med,high,4,4,big,high,N
med,high,4,more,small,low,P
med,high,4,more,small,med,P
med,high,4,more,small,high,N
med,high,4,more,med,low,P
med,high,4,more,med,med,N
med,high,4,more,med,high,N
med,high,4,more,big,low,P
med,high,4,more,big,med,N
med,high,4,more,big,high,N
med,high,5more,2,small,low,P
med,high,5more,2,small,med,P
med,high,5more,2,small,high,P
med,high,5more,2,med,low,P
med,high,5more,2,med,med,P
med,high,5more,2,med,high,P
med,high,5more,2,big,low,P
med,high,5more,2,big,med,P
med,high,5more,2,big,high,P
med,high,5more,4,small,low,P
med,high,5more,4,small,med,P
med,high,5more,4,small,high,N
med,high,5more,4,med,low,P
med,high,5more,4,med,med,N
med,high,5more,4,med,high,N
med,high,5more,4,big,low,P
med,high,5more,4,big,med,N
med,high,5more,4,big,high,N
med,high,5more,more,small,low,P
med,high,5more,more,small,med,P
med,high,5more,more,small,high,N
med,high,5more,more,med,low,P
med,high,5more,more,med,med,N
med,high,5more,more,med,high,N
med,high,5more,more,big,low,P
med,high,5more,more,big,med,N
med,high,5more,more,big,high,N
med,med,2,2,small,low,P
med,med,2,2,small,med,P
med,med,2,2,small,high,P
med,med,2,2,med,low,P
med,med,2,2,med,med,P
med,med,2,2,med,high,P
med,med,2,2,big,low,P
med,med,2,2,big,med,P
med,med,2,2,big,high,P
med,med,2,4,small,low,P
med,med,2,4,small,med,N
med,med,2,4,small,high,N
med,med,2,4,med,low,P
med,med,2,4,med,med,N
med,med,2,4,med,high,N
med,med,2,4,big,low,P
med,med,2,4,big,med,N
med,med,2,4,big,high,N
med,med,2,more,small,low,P
med,med,2,more,small,med,P
med,med,2,more,small,high,P
med,med,2,more,med,low,P
med,med,2,more,med,med,N
med,med,2,more,med,high,N
med,med,2,more,big,low,P
med,med,2,more,big,med,N
med,med,2,more,big,high,N
med,med,3,2,small,low,P
med,med,3,2,small,med,P
med,med,3,2,small,high,P
med,med,3,2,med,low,P
med,med,3,2,med,med,P
med,med,3,2,med,high,P
med,med,3,2,big,low,P
med,med,3,2,big,med,P
med,med,3,2,big,high,P
med,med,3,4,small,low,P
med,med,3,4,small,med,N
med,med,3,4,small,high,N
med,med,3,4,med,low,P
med,med,3,4,med,med,N
med,med,3,4,med,high,N
med,med,3,4,big,low,P
med,med,3,4,big,med,N
med,med,3,4,big,high,N
med,med,3,more,small,low,P
med,med,3,more,small,med,N
med,med,3,more,small,high,N
med,med,3,more,med,low,P
med,med,3,more,med,med,N
med,med,3,more,med,high,N
med,med,3,more,big,low,P
med,med,3,more,big,med,N
med,med,3,more,big,high,N
med,med,4,2,small,low,P
med,med,4,2,small,med,P
med,med,4,2,small,high,P
med,med,4,2,med,low,P
med,med,4,2,med,med,P
med,med,4,2,med,high,P
med,med,4,2,big,low,P
med,med,4,2,big,med,P
med,med,4,2,big,high,P
med,med,4,4,small,low,P
med,med,4,4,small,med,N
med,med,4,4,small,high,N
med,med,4,4,med,low,P
med,med,4,4,med,med,N
med,med,4,4,med,high,N
med,med,4,4,big,low,P
med,med,4,4,big,med,N
med,med,4,4,big,high,N
med,med,4,more,small,low,P
med,med,4,more,small,med,N
med,med,4,more,small,high,N
med,med,4,more,med,low,P
med,med,4,more,med,med,N
med,med,4,more,med,high,N
med,med,4,more,big,low,P
med,med,4,more,big,med,N
med,med,4,more,big,high,N
med,med,5more,2,small,low,P
med,med,5more,2,small,med,P
med,med,5more,2,small,high,P
med,med,5more,2,med,low,P
med,med,5more,2,med,med,P
med,med,5more,2,med,high,P
med,med,5more,2,big,low,P
med,med,5more,2,big,med,P
med,med,5more,2,big,high,P
med,med,5more,4,small,low,P
med,med,5more,4,small,med,N
med,med,5more,4,small,high,N
med,med,5more,4,med,low,P
med,med,5more,4,med,med,N
med,med,5more,4,med,high,N
med,med,5more,4,big,low,P
med,med,5more,4,big,med,N
med,med,5more,4,big,high,N
med,med,5more,more,small,low,P
med,med,5more,more,small,med,N
med,med,5more,more,small,high,N
med,med,5more,more,med,low,P
med,med,5more,more,med,med,N
med,med,5more,more,med,high,N
med,med,5more,more,big,low,P
med,med,5more,more,big,med,N
med,med,5more,more,big,high,N
med,low,2,2,small,low,P
med,low,2,2,small,med,P
med,low,2,2,small,high,P
med,low,2,2,med,low,P
med,low,2,2,med,med,P
med,low,2,2,med,high,P
med,low,2,2,big,low,P
med,low,2,2,big,med,P
med,low,2,2,big,high,P
med,low,2,4,small,low,P
med,low,2,4,small,med,N
med,low,2,4,small,high,N
med,low,2,4,med,low,P
med,low,2,4,med,med,N
med,low,2,4,med,high,N
med,low,2,4,big,low,P
med,low,2,4,big,med,N
med,low,2,4,big,high,N
med,low,2,more,small,low,P
med,low,2,more,small,med,P
med,low,2,more,small,high,P
med,low,2,more,med,low,P
med,low,2,more,med,med,N
med,low,2,more,med,high,N
med,low,2,more,big,low,P
med,low,2,more,big,med,N
med,low,2,more,big,high,N
med,low,3,2,small,low,P
med,low,3,2,small,med,P
med,low,3,2,small,high,P
med,low,3,2,med,low,P
med,low,3,2,med,med,P
med,low,3,2,med,high,P
med,low,3,2,big,low,P
med,low,3,2,big,med,P
med,low,3,2,big,high,P
med,low,3,4,small,low,P
med,low,3,4,small,med,N
med,low,3,4,small,high,N
med,low,3,4,med,low,P
med,low,3,4,med,med,N
med,low,3,4,med,high,N
med,low,3,4,big,low,P
med,low,3,4,big,med,N
med,low,3,4,big,high,N
med,low,3,more,small,low,P
med,low,3,more,small,med,N
med,low,3,more,small,high,N
med,low,3,more,med,low,P
med,low,3,more,med,med,N
med,low,3,more,med,high,N
med,low,3,more,big,low,P
med,low,3,more,big,med,N
med,low,3,more,big,high,N
med,low,4,2,small,low,P
med,low,4,2,small,med,P
med,low,4,2,small,high,P
med,low,4,2,med,low,P
med,low,4,2,med,med,P
med,low,4,2,med,high,P
med,low,4,2,big,low,P
med,low,4,2,big,med,P
med,low,4,2,big,high,P
med,low,4,4,small,low,P
med,low,4,4,small,med,N
med,low,4,4,small,high,N
med,low,4,4,med,low,P
med,low,4,4,med,med,N
med,low,4,4,med,high,N
med,low,4,4,big,low,P
med,low,4,4,big,med,N
med,low,4,4,big,high,N
med,low,4,more,small,low,P
med,low,4,more,small,med,N
med,low,4,more,small,high,N
med,low,4,more,med,low,P
med,low,4,more,med,med,N
med,low,4,more,med,high,N
med,low,4,more,big,low,P
med,low,4,more,big,med,N
med,low,4,more,big,high,N
med,low,5more,2,small,low,P
med,low,5more,2,small,med,P
med,low,5more,2,small,high,P
med,low,5more,2,med,low,P
med,low,5more,2,med,med,P
med,low,5more,2,med,high,P
med,low,5more,2,big,low,P
med,low,5more,2,big,med,P
med,low,5more,2,big,high,P
med,low,5more,4,small,low,P
med,low,5more,4,small,med,N
med,low,5more,4,small,high,N
med,low,5more,4,med,low,P
med,low,5more,4,med,med,N
med,low,5more,4,med,high,N
med,low,5more,4,big,low,P
med,low,5more,4,big,med,N
med,low,5more,4,big,high,N
med,low,5more,more,small,low,P
med,low,5more,more,small,med,N
med,low,5more,more,small,high,N
med,low,5more,more,med,low,P
med,low,5more,more,med,med,N
med,low,5more,more,med,high,N
med,low,5more,more,big,low,P
med,low,5more,more,big,med,N
med,low,5more,more,big,high,N
low,vhigh,2,2,small,low,P
low,vhigh,2,2,small,med,P
low,vhigh,2,2,small,high,P
low,vhigh,2,2,med,low,P
low,vhigh,2,2,med,med,P
low,vhigh,2,2,med,high,P
low,vhigh,2,2,big,low,P
low,vhigh,2,2,big,med,P
low,vhigh,2,2,big,high,P
low,vhigh,2,4,small,low,P
low,vhigh,2,4,small,med,P
low,vhigh,2,4,small,high,N
low,vhigh,2,4,med,low,P
low,vhigh,2,4,med,med,P
low,vhigh,2,4,med,high,N
low,vhigh,2,4,big,low,P
low,vhigh,2,4,big,med,N
low,vhigh,2,4,big,high,N
low,vhigh,2,more,small,low,P
low,vhigh,2,more,small,med,P
low,vhigh,2,more,small,high,P
low,vhigh,2,more,med,low,P
low,vhigh,2,more,med,med,P
low,vhigh,2,more,med,high,N
low,vhigh,2,more,big,low,P
low,vhigh,2,more,big,med,N
low,vhigh,2,more,big,high,N
low,vhigh,3,2,small,low,P
low,vhigh,3,2,small,med,P
low,vhigh,3,2,small,high,P
low,vhigh,3,2,med,low,P
low,vhigh,3,2,med,med,P
low,vhigh,3,2,med,high,P
low,vhigh,3,2,big,low,P
low,vhigh,3,2,big,med,P
low,vhigh,3,2,big,high,P
low,vhigh,3,4,small,low,P
low,vhigh,3,4,small,med,P
low,vhigh,3,4,small,high,N
low,vhigh,3,4,med,low,P
low,vhigh,3,4,med,med,P
low,vhigh,3,4,med,high,N
low,vhigh,3,4,big,low,P
low,vhigh,3,4,big,med,N
low,vhigh,3,4,big,high,N
low,vhigh,3,more,small,low,P
low,vhigh,3,more,small,med,P
low,vhigh,3,more,small,high,N
low,vhigh,3,more,med,low,P
low,vhigh,3,more,med,med,N
low,vhigh,3,more,med,high,N
low,vhigh,3,more,big,low,P
low,vhigh,3,more,big,med,N
low,vhigh,3,more,big,high,N
low,vhigh,4,2,small,low,P
low,vhigh,4,2,small,med,P
low,vhigh,4,2,small,high,P
low,vhigh,4,2,med,low,P
low,vhigh,4,2,med,med,P
low,vhigh,4,2,med,high,P
low,vhigh,4,2,big,low,P
low,vhigh,4,2,big,med,P
low,vhigh,4,2,big,high,P
low,vhigh,4,4,small,low,P
low,vhigh,4,4,small,med,P
low,vhigh,4,4,small,high,N
low,vhigh,4,4,med,low,P
low,vhigh,4,4,med,med,N
low,vhigh,4,4,med,high,N
low,vhigh,4,4,big,low,P
low,vhigh,4,4,big,med,N
low,vhigh,4,4,big,high,N
low,vhigh,4,more,small,low,P
low,vhigh,4,more,small,med,P
low,vhigh,4,more,small,high,N
low,vhigh,4,more,med,low,P
low,vhigh,4,more,med,med,N
low,vhigh,4,more,med,high,N
low,vhigh,4,more,big,low,P
low,vhigh,4,more,big,med,N
low,vhigh,4,more,big,high,N
low,vhigh,5more,2,small,low,P
low,vhigh,5more,2,small,med,P
low,vhigh,5more,2,small,high,P
low,vhigh,5more,2,med,low,P
low,vhigh,5more,2,med,med,P
low,vhigh,5more,2,med,high,P
low,vhigh,5more,2,big,low,P
low,vhigh,5more,2,big,med,P
low,vhigh,5more,2,big,high,P
low,vhigh,5more,4,small,low,P
low,vhigh,5more,4,small,med,P
low,vhigh,5more,4,small,high,N
low,vhigh,5more,4,med,low,P
low,vhigh,5more,4,med,med,N
low,vhigh,5more,4,med,high,N
low,vhigh,5more,4,big,low,P
low,vhigh,5more,4,big,med,N
low,vhigh,5more,4,big,high,N
low,vhigh,5more,more,small,low,P
low,vhigh,5more,more,small,med,P
low,vhigh,5more,more,small,high,N
low,vhigh,5more,more,med,low,P
low,vhigh,5more,more,med,med,N
low,vhigh,5more,more,med,high,N
low,vhigh,5more,more,big,low,P
low,vhigh,5more,more,big,med,N
low,vhigh,5more,more,big,high,N
low,high,2,2,small,low,P
low,high,2,2,small,med,P
low,high,2,2,small,high,P
low,high,2,2,med,low,P
low,high,2,2,med,med,P
low,high,2,2,med,high,P
low,high,2,2,big,low,P
low,high,2,2,big,med,P
low,high,2,2,big,high,P
low,high,2,4,small,low,P
low,high,2,4,small,med,N
low,high,2,4,small,high,N
low,high,2,4,med,low,P
low,high,2,4,med,med,N
low,high,2,4,med,high,N
low,high,2,4,big,low,P
low,high,2,4,big,med,N
low,high,2,4,big,high,N
low,high,2,more,small,low,P
low,high,2,more,small,med,P
low,high,2,more,small,high,P
low,high,2,more,med,low,P
low,high,2,more,med,med,N
low,high,2,more,med,high,N
low,high,2,more,big,low,P
low,high,2,more,big,med,N
low,high,2,more,big,high,N
low,high,3,2,small,low,P
low,high,3,2,small,med,P
low,high,3,2,small,high,P
low,high,3,2,med,low,P
low,high,3,2,med,med,P
low,high,3,2,med,high,P
low,high,3,2,big,low,P
low,high,3,2,big,med,P
low,high,3,2,big,high,P
low,high,3,4,small,low,P
low,high,3,4,small,med,N
low,high,3,4,small,high,N
low,high,3,4,med,low,P
low,high,3,4,med,med,N
low,high,3,4,med,high,N
low,high,3,4,big,low,P
low,high,3,4,big,med,N
low,high,3,4,big,high,N
low,high,3,more,small,low,P
low,high,3,more,small,med,N
low,high,3,more,small,high,N
low,high,3,more,med,low,P
low,high,3,more,med,med,N
low,high,3,more,med,high,N
low,high,3,more,big,low,P
low,high,3,more,big,med,N
low,high,3,more,big,high,N
low,high,4,2,small,low,P
low,high,4,2,small,med,P
low,high,4,2,small,high,P
low,high,4,2,med,low,P
low,high,4,2,med,med,P
low,high,4,2,med,high,P
low,high,4,2,big,low,P
low,high,4,2,big,med,P
low,high,4,2,big,high,P
low,high,4,4,small,low,P
low,high,4,4,small,med,N
low,high,4,4,small,high,N
low,high,4,4,med,low,P
low,high,4,4,med,med,N
low,high,4,4,med,high,N
low,high,4,4,big,low,P
low,high,4,4,big,med,N
low,high,4,4,big,high,N
low,high,4,more,small,low,P
low,high,4,more,small,med,N
low,high,4,more,small,high,N
low,high,4,more,med,low,P
low,high,4,more,med,med,N
low,high,4,more,med,high,N
low,high,4,more,big,low,P
low,high,4,more,big,med,N
low,high,4,more,big,high,N
low,high,5more,2,small,low,P
low,high,5more,2,small,med,P
low,high,5more,2,small,high,P
low,high,5more,2,med,low,P
low,high,5more,2,med,med,P
low,high,5more,2,med,high,P
low,high,5more,2,big,low,P
low,high,5more,2,big,med,P
low,high,5more,2,big,high,P
low,high,5more,4,small,low,P
low,high,5more,4,small,med,N
low,high,5more,4,small,high,N
low,high,5more,4,med,low,P
low,high,5more,4,med,med,N
low,high,5more,4,med,high,N
low,high,5more,4,big,low,P
low,high,5more,4,big,med,N
low,high,5more,4,big,high,N
low,high,5more,more,small,low,P
low,high,5more,more,small,med,N
low,high,5more,more,small,high,N
low,high,5more,more,med,low,P
low,high,5more,more,med,med,N
low,high,5more,more,med,high,N
low,high,5more,more,big,low,P
low,high,5more,more,big,med,N
low,high,5more,more,big,high,N
low,med,2,2,small,low,P
low,med,2,2,small,med,P
low,med,2,2,small,high,P
low,med,2,2,med,low,P
low,med,2,2,med,med,P
low,med,2,2,med,high,P
low,med,2,2,big,low,P
low,med,2,2,big,med,P
low,med,2,2,big,high,P
low,med,2,4,small,low,P
low,med,2,4,small,med,N
low,med,2,4,small,high,N
low,med,2,4,med,low,P
low,med,2,4,med,med,N
low,med,2,4,med,high,N
low,med,2,4,big,low,P
low,med,2,4,big,med,N
low,med,2,4,big,high,N
low,med,2,more,small,low,P
low,med,2,more,small,med,P
low,med,2,more,small,high,P
low,med,2,more,med,low,P
low,med,2,more,med,med,N
low,med,2,more,med,high,N
low,med,2,more,big,low,P
low,med,2,more,big,med,N
low,med,2,more,big,high,N
low,med,3,2,small,low,P
low,med,3,2,small,med,P
low,med,3,2,small,high,P
low,med,3,2,med,low,P
low,med,3,2,med,med,P
low,med,3,2,med,high,P
low,med,3,2,big,low,P
low,med,3,2,big,med,P
low,med,3,2,big,high,P
low,med,3,4,small,low,P
low,med,3,4,small,med,N
low,med,3,4,small,high,N
low,med,3,4,med,low,P
low,med,3,4,med,med,N
low,med,3,4,med,high,N
low,med,3,4,big,low,P
low,med,3,4,big,med,N
low,med,3,4,big,high,N
low,med,3,more,small,low,P
low,med,3,more,small,med,N
low,med,3,more,small,high,N
low,med,3,more,med,low,P
low,med,3,more,med,med,N
low,med,3,more,med,high,N
low,med,3,more,big,low,P
low,med,3,more,big,med,N
low,med,3,more,big,high,N
low,med,4,2,small,low,P
low,med,4,2,small,med,P
low,med,4,2,small,high,P
low,med,4,2,med,low,P
low,med,4,2,med,med,P
low,med,4,2,med,high,P
low,med,4,2,big,low,P
low,med,4,2,big,med,P
low,med,4,2,big,high,P
low,med,4,4,small,low,P
low,med,4,4,small,med,N
low,med,4,4,small,high,N
low,med,4,4,med,low,P
low,med,4,4,med,med,N
low,med,4,4,med,high,N
low,med,4,4,big,low,P
low,med,4,4,big,med,N
low,med,4,4,big,high,N
low,med,4,more,small,low,P
low,med,4,more,small,med,N
low,med,4,more,small,high,N
low,med,4,more,med,low,P
low,med,4,more,med,med,N
low,med,4,more,med,high,N
low,med,4,more,big,low,P
low,med,4,more,big,med,N
low,med,4,more,big,high,N
low,med,5more,2,small,low,P
low,med,5more,2,small,med,P
low,med,5more,2,small,high,P
low,med,5more,2,med,low,P
low,med,5more,2,med,med,P
low,med,5more,2,med,high,P
low,med,5more,2,big,low,P
low,med,5more,2,big,med,P
low,med,5more,2,big,high,P
low,med,5more,4,small,low,P
low,med,5more,4,small,med,N
low,med,5more,4,small,high,N
low,med,5more,4,med,low,P
low,med,5more,4,med,med,N
low,med,5more,4,med,high,N
low,med,5more,4,big,low,P
low,med,5more,4,big,med,N
low,med,5more,4,big,high,N
low,med,5more,more,small,low,P
low,med,5more,more,small,med,N
low,med,5more,more,small,high,N
low,med,5more,more,med,low,P
low,med,5more,more,med,med,N
low,med,5more,more,med,high,N
low,med,5more,more,big,low,P
low,med,5more,more,big,med,N
low,med,5more,more,big,high,N
low,low,2,2,small,low,P
low,low,2,2,small,med,P
low,low,2,2,small,high,P
low,low,2,2,med,low,P
low,low,2,2,med,med,P
low,low,2,2,med,high,P
low,low,2,2,big,low,P
low,low,2,2,big,med,P
low,low,2,2,big,high,P
low,low,2,4,small,low,P
low,low,2,4,small,med,N
low,low,2,4,small,high,N
low,low,2,4,med,low,P
low,low,2,4,med,med,N
low,low,2,4,med,high,N
low,low,2,4,big,low,P
low,low,2,4,big,med,N
low,low,2,4,big,high,N
low,low,2,more,small,low,P
low,low,2,more,small,med,P
low,low,2,more,small,high,P
low,low,2,more,med,low,P
low,low,2,more,med,med,N
low,low,2,more,med,high,N
low,low,2,more,big,low,P
low,low,2,more,big,med,N
low,low,2,more,big,high,N
low,low,3,2,small,low,P
low,low,3,2,small,med,P
low,low,3,2,small,high,P
low,low,3,2,med,low,P
low,low,3,2,med,med,P
low,low,3,2,med,high,P
low,low,3,2,big,low,P
low,low,3,2,big,med,P
low,low,3,2,big,high,P
low,low,3,4,small,low,P
low,low,3,4,small,med,N
low,low,3,4,small,high,N
low,low,3,4,med,low,P
low,low,3,4,med,med,N
low,low,3,4,med,high,N
low,low,3,4,big,low,P
low,low,3,4,big,med,N
low,low,3,4,big,high,N
low,low,3,more,small,low,P
low,low,3,more,small,med,N
low,low,3,more,small,high,N
low,low,3,more,med,low,P
low,low,3,more,med,med,N
low,low,3,more,med,high,N
low,low,3,more,big,low,P
low,low,3,more,big,med,N
low,low,3,more,big,high,N
low,low,4,2,small,low,P
low,low,4,2,small,med,P
low,low,4,2,small,high,P
low,low,4,2,med,low,P
low,low,4,2,med,med,P
low,low,4,2,med,high,P
low,low,4,2,big,low,P
low,low,4,2,big,med,P
low,low,4,2,big,high,P
low,low,4,4,small,low,P
low,low,4,4,small,med,N
low,low,4,4,small,high,N
low,low,4,4,med,low,P
low,low,4,4,med,med,N
low,low,4,4,med,high,N
low,low,4,4,big,low,P
low,low,4,4,big,med,N
low,low,4,4,big,high,N
low,low,4,more,small,low,P
low,low,4,more,small,med,N
low,low,4,more,small,high,N
low,low,4,more,med,low,P
low,low,4,more,med,med,N
low,low,4,more,med,high,N
low,low,4,more,big,low,P
low,low,4,more,big,med,N
low,low,4,more,big,high,N
low,low,5more,2,small,low,P
low,low,5more,2,small,med,P
low,low,5more,2,small,high,P
low,low,5more,2,med,low,P
low,low,5more,2,med,med,P
low,low,5more,2,med,high,P
low,low,5more,2,big,low,P
low,low,5more,2,big,med,P
low,low,5more,2,big,high,P
low,low,5more,4,small,low,P
low,low,5more,4,small,med,N
low,low,5more,4,small,high,N
low,low,5more,4,med,low,P
low,low,5more,4,med,med,N
low,low,5more,4,med,high,N
low,low,5more,4,big,low,P
low,low,5more,4,big,med,N
low,low,5more,4,big,high,N
low,low,5more,more,small,low,P
low,low,5more,more,small,med,N
low,low,5more,more,small,high,N
low,low,5more,more,med,low,P
low,low,5more,more,med,med,N
low,low,5more,more,med,high,N
low,low,5more,more,big,low,P
low,low,5more,more,big,med,N
low,low,5more,more,big,high,N
